0.936895787715912,0.933336973190308,0.209718316793442,0.178559973835945,0.873810410499573,0.978785514831543,0.52403724193573,0.644170939922333,0.838994860649109,0.0864786356687546,0.127899616956711,0.995835304260254,0.779493153095245,0.749226629734039,0.991163194179535,0.718956470489502,0.0364296436309814,0.995205342769623,0.719093501567841,0.294727712869644,0.946484506130219,0.999999940395355,0.296123892068863,0.834167838096619,0.990464627742767,0.811948418617249,0.0607594847679138,0.745715856552124,0.82121866941452,0.966206252574921,0.959236323833466,0.230493023991585,0.53902530670166,0.999995827674866,0.476907521486282,0.968272864818573,0.393480122089386,0.0517178773880005,0.720010221004486,0.903981506824493,0.867710053920746,0.0716545656323433,0.999964356422424,0.313667625188828,0.529463589191437,0.662601411342621,0.0884054005146027,0.499876707792282,0.959729671478271,0.777770578861237,
0.266705989837646,0.787323892116547,0.993739664554596,0.976591944694519,0.658849656581879,0.153556570410728,0.295152932405472,0.74165952205658,0.307513117790222,0.562704861164093,0.350353837013245,0.994518399238586,0.919865667819977,0.973232448101044,0.697198390960693,0.447285413742065,0.479434698820114,0.98978179693222,0.812265276908875,0.812618494033813,0.999975740909576,0.894838392734528,0.895520508289337,0.922899842262268,0.144554883241653,0.252130120992661,0.729263126850128,0.234660491347313,0.546315014362335,0.844664812088013,0.991419315338135,0.999894142150879,0.41196346282959,0.608874201774597,0.780129790306091,0.312366962432861,0.17309595644474,0.680230557918549,0.0466008186340332,0.150368705391884,0.417354464530945,0.553857505321503,0.0934372693300247,0.863332390785217,0.870977103710175,0.427604347467422,0.909450590610504,0.999313592910767,0.772820770740509,0.823324620723724,
0.982495129108429,0.286561638116837,0.755355000495911,0.617704391479492,0.782585620880127,0.0727514028549194,0.039879072457552,0.994155585765839,0.582699298858643,0.959643840789795,0.231234416365623,0.152653247117996,0.952105045318604,0.064425952732563,0.17097419500351,0.14945787191391,0.939015030860901,0.657538890838623,0.575527906417847,0.174260765314102,0.449295997619629,0.474857479333878,0.994071900844574,0.999361395835876,0.129972979426384,0.43253019452095,0.98845499753952,0.338093221187592,0.943000257015228,0.418149471282959,0.290881782770157,0.337546706199646,0.472936242818832,0.997573792934418,0.110580995678902,0.183471620082855,0.820105493068695,0.59122109413147,0.152398779988289,0.364856868982315,0.301064163446426,0.359697103500366,0.56691837310791,0.194258525967598,0.599874913692474,0.809193253517151,0.830354511737823,0.920314848423004,0.771481812000275,0.45767667889595,
0.63010835647583,0.231390401721001,0.571961224079132,0.746784925460815,0.75276643037796,0.357722729444504,0.56661456823349,0.595978379249573,0.775217115879059,0.61406809091568,0.458112448453903,0.936199486255646,0.958069443702698,0.442604154348373,0.734330534934998,0.851870238780975,0.990823030471802,0.979608952999115,0.470703691244125,0.8605095744133,0.732959628105164,0.986930429935455,0.0495040230453014,0.958396136760712,0.273729383945465,0.363081365823746,0.820813953876495,0.39169180393219,0.668445348739624,0.237377777695656,0.955635905265808,0.556547105312347,0.982659101486206,0.531775414943695,0.375992804765701,0.682798564434052,0.787916004657745,0.269486725330353,0.935888707637787,0.803491175174713,0.399290055036545,0.981134116649628,0.999717473983765,0.830987870693207,0.902982175350189,0.899345815181732,0.535223484039307,0.635765731334686,0.991036295890808,0.974262535572052,
0.982817947864532,0.996219635009766,0.670933723449707,0.999759554862976,0.962178826332092,0.307351797819138,0.354119420051575,0.896106600761414,0.684693396091461,0.933151721954346,0.0700981616973877,0.901597738265991,0.934884667396545,0.999916255474091,0.831368982791901,0.0315680056810379,0.626271367073059,0.536495923995972,0.994185507297516,0.610873579978943,0.98245108127594,0.257483810186386,0.248633593320847,0.894724011421204,0.987980961799622,0.05821268633008,0.533357262611389,0.74839049577713,0.88496732711792,0.0213975831866264,0.174291759729385,0.745684146881104,0.610855162143707,0.698314905166626,0.345330685377121,0.708799600601196,0.188056021928787,0.998438894748688,0.147161826491356,0.170364573597908,0.940504372119904,0.388480067253113,0.76983654499054,0.526170670986176,0.149734392762184,0.652371883392334,0.876690864562988,0.985677659511566,0.189504131674767,0.842130780220032,
0.296570420265198,0.684233725070953,0.70832633972168,0.735312402248383,0.988001644611359,0.938450872898102,0.720956385135651,0.616794764995575,0.989370822906494,0.78439861536026,0.984858393669128,0.245489075779915,0.979757368564606,0.0184366554021835,0.583854615688324,0.262214660644531,0.993798315525055,0.926076650619507,0.0161598604172468,0.944077908992767,0.714874446392059,0.80645763874054,0.767874956130981,0.999805390834808,0.11677498370409,0.340798407793045,0.995147168636322,0.89068078994751,0.86017256975174,0.853579044342041,0.0512777455151081,0.957349419593811,0.953988194465637,0.400015532970428,0.919115304946899,0.871127128601074,0.999963462352753,0.776845276355743,0.646107971668243,0.934744775295258,0.936651229858398,0.427623867988586,0.580727279186249,0.107247948646545,0.418450891971588,0.645451545715332,0.655221462249756,0.910830855369568,0.828887403011322,0.632951855659485,
0.540873229503632,0.843434751033783,0.176193058490753,0.997124910354614,0.996132731437683,0.180714458227158,0.0203902460634708,0.624077379703522,0.0903172269463539,0.725894272327423,0.660676777362823,0.373874932527542,0.744013071060181,0.610539257526398,0.65771871805191,0.740217506885529,0.408580929040909,0.89430832862854,0.879651069641113,0.955727517604828,0.828356802463531,0.713160157203674,0.637196719646454,0.920233011245728,0.540163576602936,0.486162334680557,0.441755831241608,0.669916033744812,0.303264617919922,0.833410561084747,0.539613008499146,0.961662232875824,0.662085473537445,0.957619667053223,0.98133659362793,0.222605124115944,0.996691346168518,0.41212996840477,0.860312700271606,0.579576551914215,0.42379704117775,0.235384449362755,0.375117987394333,0.539265096187592,0.859620749950409,0.806251227855682,0.95400059223175,0.230086073279381,0.998118817806244,0.310853511095047,
0.738370299339294,0.162300750613213,0.959933698177338,0.172801941633224,0.847111523151398,0.9906245470047,0.255767285823822,0.607212007045746,0.714108288288116,0.398255318403244,0.735181748867035,0.950810313224792,0.943809568881989,0.804538786411285,0.208665087819099,0.994990944862366,0.995540797710419,0.162115961313248,0.740006923675537,0.725525498390198,0.950340807437897,0.338148087263107,0.641477942466736,0.999250650405884,0.172984287142754,0.968211710453033,0.913254499435425,0.0351937599480152,0.129968017339706,0.163167729973793,0.698819518089294,0.822047829627991,0.384179770946503,0.049309354275465,0.463158249855042,0.128421828150749,0.601707279682159,0.883599698543549,0.573740899562836,0.995145797729492,0.996182858943939,0.128945529460907,0.983881235122681,0.446784228086472,0.952881276607513,0.989983439445496,0.857017517089844,0.408026069402695,0.844792783260345,0.750974595546722,
0.961847543716431,0.998272120952606,0.25981542468071,0.514330506324768,0.502437829971313,0.244235500693321,0.371121555566788,0.551998972892761,0.381106406450272,0.999085426330566,0.188275665044785,0.364952117204666,0.895368039608002,0.619022369384766,0.938164114952087,0.865891873836517,0.491791486740112,0.960097551345825,0.895131587982178,0.691166400909424,0.545765817165375,0.558629274368286,0.508186399936676,0.116676591336727,0.00809811241924763,0.219182297587395,0.393394619226456,0.989014148712158,0.96662962436676,0.997326672077179,0.801980912685394,0.047917801886797,0.366784006357193,0.859613358974457,0.891193628311157,0.620530128479004,0.480729937553406,0.999982714653015,0.834834814071655,0.826245367527008,0.928778469562531,0.0685245767235756,0.142176926136017,0.59237813949585,0.494754105806351,0.151022762060165,0.780559957027435,0.437075853347778,0.610617220401764,0.278500497341156,
0.378857612609863,0.636669099330902,0.107830695807934,0.619039416313171,0.966990053653717,0.964084386825562,0.973364472389221,0.673919141292572,0.998305916786194,0.542087435722351,0.873601913452148,0.238949596881866,0.255086600780487,0.956440985202789,0.901417791843414,0.0185172259807587,0.991837799549103,0.0302485134452581,0.286746650934219,0.0474586524069309,0.564629435539246,0.432076126337051,0.982022225856781,0.982239127159119,0.960469841957092,0.167793586850166,0.69287896156311,0.685174703598022,0.0847090557217598,0.191729560494423,0.690070450305939,0.0723278969526291,0.760228633880615,0.474889993667603,0.782295405864716,0.260777533054352,0.544388234615326,0.704546511173248,0.862025618553162,0.596578776836395,0.988335907459259,0.935174345970154,0.321136474609375,0.757163166999817,0.538910925388336,0.999992072582245,0.431788951158524,0.972932398319244,0.514154136180878,0.257502913475037,
0.217866152524948,0.250376045703888,0.822673499584198,0.0872024744749069,0.48288831114769,0.979237914085388,0.968003809452057,0.878265619277954,0.796768844127655,0.938830494880676,0.396465539932251,0.568315446376801,0.280295252799988,0.705575704574585,0.756780445575714,0.898053765296936,0.0475599840283394,0.237901166081429,0.626079022884369,0.880420088768005,0.805894553661346,0.975939929485321,0.517981469631195,0.823054611682892,0.962853848934174,0.381291002035141,0.174425110220909,0.999439656734467,0.990533828735352,0.845914006233215,0.958470344543457,0.921337187290192,0.31110605597496,0.0398360714316368,0.591021716594696,0.477767944335938,0.764921963214874,0.438251584768295,0.234306454658508,0.27424630522728,0.606805205345154,0.00642958423122764,0.343420684337616,0.0527807250618935,0.205476894974709,0.18853497505188,0.99564403295517,0.532074511051178,0.940031886100769,0.526030480861664,
0.745990455150604,0.990940570831299,0.946893095970154,0.458976924419403,0.0360738001763821,0.999758720397949,0.80671352148056,0.299921244382858,0.374098271131516,0.14918664097786,0.10936177521944,0.343606978654861,0.878876864910126,0.686378300189972,0.269577652215958,0.846484005451202,0.895549237728119,0.975911557674408,0.649402320384979,0.9943528175354,0.936824858188629,0.683095514774323,0.947181165218353,0.112373270094395,0.857921183109283,0.618604600429535,0.997966945171356,0.778372526168823,0.517046272754669,0.507249653339386,0.466620743274689,0.680926024913788,0.916880965232849,0.103670157492161,0.321074277162552,0.537606716156006,0.117312468588352,0.371636897325516,0.929919481277466,0.886582553386688,0.9841668009758,0.818574726581573,0.790006160736084,0.837635159492493,0.999988853931427,0.742185950279236,0.353216648101807,0.730528950691223,0.952132403850555,0.199151828885078,
0.714881598949432,0.86605030298233,0.999867022037506,0.912636458873749,0.62538206577301,0.726563036441803,0.308097928762436,0.911121845245361,0.515265583992004,0.82241290807724,0.777279555797577,0.993400871753693,0.964449763298035,0.164763152599335,0.985175013542175,0.751456379890442,0.97236967086792,0.194106385111809,0.893476605415344,0.365269958972931,0.989297747612,0.849489688873291,0.600887179374695,0.935769975185394,0.438872426748276,0.662350654602051,0.33679386973381,0.998313426971436,0.938480734825134,0.634571254253387,0.995678007602692,0.0911323428153992,0.607367932796478,0.258627116680145,0.667318165302277,0.28220123052597,0.283261090517044,0.0752758681774139,0.117435470223427,0.913094699382782,0.0111386422067881,0.973502039909363,0.429640263319016,0.868096828460693,0.271699815988541,0.99703186750412,0.990930259227753,0.999934613704681,0.489258825778961,0.87019270658493,
0.121668763458729,0.319278389215469,0.0914431288838387,0.650968849658966,0.194911822676659,0.127350062131882,0.932122349739075,0.398418039083481,0.403660863637924,0.205251604318619,0.302822351455688,0.999983608722687,0.112961493432522,0.918781995773315,0.092927373945713,0.446994841098785,0.742549180984497,0.9937464594841,0.724021553993225,0.933170080184937,0.211028248071671,0.894868195056915,0.739594876766205,0.972466170787811,0.919016420841217,0.600255489349365,0.842062413692474,0.99542760848999,0.565663635730743,0.982330083847046,0.898819863796234,0.741087138652802,0.754078090190887,0.981564462184906,0.459268361330032,0.747615396976471,0.510507583618164,0.359873950481415,0.732295155525208,0.996486246585846,0.895985901355743,0.417963743209839,0.819467067718506,0.792044997215271,0.979128241539001,0.995759725570679,0.893713712692261,0.638236939907074,0.850154280662537,0.894420742988586,
0.965760290622711,0.951157748699188,0.999896645545959,0.247295916080475,0.736557841300964,0.994453847408295,0.372001767158508,0.0281786136329174,0.000752762891352177,0.41335055232048,0.491495221853256,0.366015791893005,0.322762042284012,0.0646093934774399,0.351527363061905,0.888519644737244,0.602899968624115,0.880326271057129,0.40657302737236,0.602818369865417,0.101638175547123,0.341671168804169,0.546545386314392,0.982754826545715,0.582034528255463,0.748385667800903,0.902432262897491,0.98118782043457,0.445907354354858,0.631467998027802,0.941029071807861,0.408426731824875,0.2151949852705,0.983839511871338,0.726162493228912,0.224103957414627,0.260928064584732,0.967136323451996,0.300850212574005,0.0854169651865959,0.352241724729538,0.882591247558594,0.813165605068207,0.279253661632538,0.998651802539825,0.997663080692291,0.269745469093323,0.269192844629288,0.362473368644714,0.956472635269165,
0.866991817951202,0.518364191055298,0.513159036636353,0.799244403839111,0.666460752487183,0.968475341796875,0.405588895082474,0.355767607688904,0.592631638050079,0.960358679294586,0.745288908481598,0.841503441333771,0.266598671674728,0.880614161491394,0.0857333764433861,0.577326714992523,0.181877419352531,0.717127025127411,0.684698462486267,0.0670382454991341,0.540600776672363,0.963289380073547,0.866303324699402,0.620593965053558,0.877831697463989,0.0647491663694382,0.999983549118042,0.875391125679016,0.333977043628693,0.395168483257294,0.925300002098084,0.997036516666412,0.878822922706604,0.682233154773712,0.903203845024109,0.237249583005905,0.664980590343475,0.999138593673706,0.637568533420563,0.940402984619141,0.174053221940994,0.883500576019287,0.940426647663116,0.843619346618652,0.816119849681854,0.870241165161133,0.971361756324768,0.804560601711273,0.537798464298248,0.272799730300903,
0.97712254524231,0.910319268703461,0.65534645318985,0.822982430458069,0.909359514713287,0.939297616481781,0.987426102161407,0.608332335948944,0.383082509040833,0.481460988521576,0.989721655845642,0.400519043207169,0.881703019142151,0.123501747846603,0.770557522773743,0.204546988010406,0.146791458129883,0.436831802129745,0.529658317565918,0.501216650009155,0.975743234157562,0.97970587015152,0.826891779899597,0.86347359418869,0.830524384975433,0.458665609359741,0.920647203922272,0.354953944683075,0.781520187854767,0.187358394265175,0.825950860977173,0.274203658103943,0.347348660230637,0.536126852035522,0.0388432294130325,0.986408531665802,0.321273863315582,0.487113237380981,0.439656227827072,0.21014478802681,0.945516467094421,0.964078605175018,0.683658063411713,0.327919244766235,0.951589941978455,0.0723794996738434,0.67183518409729,0.877666354179382,0.999074280261993,0.99260288476944,
0.557404279708862,0.979956984519959,0.0484414733946323,0.898658990859985,0.95858895778656,0.962570786476135,0.839304625988007,0.230600669980049,0.736873090267181,0.362645447254181,0.795603454113007,0.902087450027466,0.487682104110718,0.530620217323303,0.770836353302002,0.452361583709717,0.346024870872498,0.817466676235199,0.909688889980316,0.738107919692993,0.973569750785828,0.806873977184296,0.941973567008972,0.987911701202393,0.522674322128296,0.392975926399231,0.619207620620728,0.663751542568207,0.975702404975891,0.914396107196808,0.956061542034149,0.525999546051025,0.735901415348053,0.0823536366224289,0.608168840408325,0.915925920009613,0.423836469650269,0.740312814712524,0.734022378921509,0.79401820898056,0.948084712028503,0.728721857070923,0.875971555709839,0.840148270130157,0.850226640701294,0.984464228153229,0.366130292415619,0.360114842653275,0.611552357673645,0.207841113209724,
0.96565192937851,0.985119581222534,0.515771329402924,0.918068408966064,0.967297554016113,0.9999760389328,0.943234860897064,0.0934864059090614,0.215613946318626,0.352899789810181,0.275519132614136,0.884598553180695,0.678323030471802,0.108505018055439,0.442372828722,0.700412213802338,0.995286822319031,0.650481164455414,0.209543466567993,0.96857476234436,0.294885247945786,0.56511253118515,0.986657321453094,0.67330926656723,0.658628046512604,0.824211537837982,0.760747849941254,0.329457402229309,0.991421461105347,0.523688852787018,0.665607213973999,0.429377287626266,0.282143235206604,0.990333676338196,0.927627265453339,0.831721007823944,0.469911515712738,0.205013006925583,0.778367817401886,0.922410726547241,0.636402785778046,0.468740552663803,0.999936163425446,0.171275213360786,0.595408797264099,0.713694334030151,0.36655667424202,0.0329386778175831,0.159821569919586,0.971515834331512,
0.207872480154037,0.94668048620224,0.741399943828583,0.302492737770081,0.276670157909393,0.96843808889389,0.991403758525848,0.910257756710052,0.981777489185333,0.0684773623943329,0.335886418819427,0.783066868782043,0.628745555877686,0.68268209695816,0.446034640073776,0.930308401584625,0.835836112499237,0.00953071378171444,0.999997735023499,0.799069344997406,0.174948841333389,0.691002666950226,0.351862162351608,0.625760436058044,0.370085448026657,0.982216894626617,0.846417725086212,0.585353195667267,0.848334729671478,0.97016566991806,0.620927333831787,0.835172176361084,0.975810468196869,0.51166844367981,0.943585991859436,0.962572693824768,0.172078385949135,0.0378987155854702,0.452423244714737,0.11673342436552,0.189507752656937,0.956508934497833,0.0771670863032341,0.531710624694824,0.126945555210114,0.311529278755188,0.999745428562164,0.469577372074127,0.117948770523071,0.511315226554871,
0.447051912546158,0.854030132293701,0.197165459394455,0.518947064876556,0.279482364654541,0.974048018455505,0.411237418651581,0.282831877470016,0.962575793266296,0.818031370639801,0.096005953848362,0.888889670372009,0.663131833076477,0.621323764324188,0.561621308326721,0.855335414409637,0.0941536426544189,0.940451860427856,0.853544890880585,0.923353672027588,0.860424280166626,0.890783250331879,0.999443471431732,0.59998482465744,0.512515008449554,0.785758316516876,0.917901992797852,0.995515465736389,0.537101268768311,0.714477837085724,0.969507217407227,0.022653266787529,0.321957439184189,0.631774723529816,0.841936767101288,0.999967217445374,0.831314384937286,0.995615780353546,0.575796544551849,0.065993070602417,0.994472742080688,0.997409880161285,0.18377161026001,0.962736666202545,0.929293990135193,0.959074378013611,0.961669147014618,0.856876492500305,0.539637982845306,0.805630207061768,
0.934754729270935,0.138101011514664,0.98118644952774,0.266759753227234,0.353105574846268,0.0107570756226778,0.993923962116241,0.0635897517204285,0.588586449623108,0.989119410514832,0.695694208145142,0.360932767391205,0.268993973731995,0.308897465467453,0.409203618764877,0.859686076641083,0.90571004152298,0.888913094997406,0.835002183914185,0.955317378044128,0.846149146556854,0.172934859991074,0.163506910204887,0.870311617851257,0.482747793197632,0.998587965965271,0.26392462849617,0.997936904430389,0.158550649881363,0.36708077788353,0.467263877391815,0.999986350536346,0.0766001418232918,0.0902725830674171,0.579826176166534,0.764938712120056,0.861707925796509,0.75592565536499,0.981264412403107,0.995884239673615,0.779131412506104,0.615114629268646,0.747610032558441,0.670677006244659,0.00514762895181775,0.330945402383804,0.999482154846191,0.115111388266087,0.886840522289276,0.665118753910065,
0.613602876663208,0.489871710538864,0.104501746594906,0.774641573429108,0.995252966880798,0.155711516737938,0.98967832326889,0.998380362987518,0.692010164260864,0.856416344642639,0.941009521484375,0.969993591308594,0.323461264371872,0.103234529495239,0.182701542973518,0.766794204711914,0.921764433383942,0.063317783176899,0.848850131034851,0.45607727766037,0.99683028459549,0.615610241889954,0.461027204990387,0.507066369056702,0.755611121654511,0.901823580265045,0.985745906829834,0.859293878078461,0.487954437732697,0.374497085809708,0.939323365688324,0.371975868940353,0.239564910531044,0.592208802700043,0.794115662574768,0.579534888267517,0.121306449174881,0.118989363312721,0.21828405559063,0.998502910137177,0.860311925411224,0.956387937068939,0.817923486232758,0.883186817169189,0.956918776035309,0.0731721594929695,0.975471258163452,0.7067711353302,0.699211478233337,0.757299900054932,
0.688257575035095,0.555109739303589,0.90570467710495,0.113823860883713,0.982836723327637,0.97019761800766,0.234941840171814,0.960859417915344,0.971081137657166,0.99829512834549,0.0353460162878037,0.949912011623383,0.0491439700126648,0.99650913476944,0.446848660707474,0.983330428600311,0.82312548160553,0.0174556020647287,0.90481835603714,0.705743610858917,0.628824472427368,0.111995749175549,0.403009742498398,0.835425913333893,0.258271485567093,0.658708810806274,0.138460993766785,0.98805832862854,0.44885066151619,0.454070508480072,0.472543895244598,0.62959349155426,0.232579544186592,0.94781494140625,0.999451279640198,0.945827066898346,0.995437681674957,0.759378254413605,0.919886469841003,0.847316145896912,0.943133533000946,0.51991879940033,0.87107640504837,0.312543511390686,0.563718438148499,0.765145897865295,0.833367049694061,0.20702163875103,0.655179798603058,0.985527455806732,
0.881158888339996,0.224208518862724,0.231203332543373,0.399038553237915,0.835468411445618,0.990098714828491,0.491924554109573,0.972434043884277,0.394784212112427,0.588770270347595,0.596227467060089,0.99997615814209,0.457763701677322,0.730730831623077,0.99714732170105,0.987317979335785,0.205205291509628,0.887031078338623,0.0860158056020737,0.385090678930283,0.93383914232254,0.235592067241669,0.907890617847443,0.923411548137665,0.907197296619415,0.527574300765991,0.117741256952286,0.221270263195038,0.425547808408737,0.408604651689529,0.999866962432861,0.109828747808933,0.686262786388397,0.138944551348686,0.0976281240582466,0.642216384410858,0.560904324054718,0.316540479660034,0.287010550498962,0.779849708080292,0.99336165189743,0.188767239451408,0.204876258969307,0.665707528591156,0.461750507354736,0.0428336448967457,0.764207184314728,0.884154736995697,0.637099862098694,0.60914421081543,
0.978675961494446,0.646041452884674,0.996505677700043,0.172244191169739,0.579910218715668,0.672251462936401,0.909958600997925,0.977769792079926,0.970163404941559,0.345186352729797,0.724173843860626,0.387557715177536,0.556447207927704,0.377504199743271,0.244390517473221,0.5069699883461,0.925244152545929,0.935465693473816,0.637647151947021,0.514175772666931,0.414844483137131,0.52094292640686,0.474845081567764,0.0474060215055943,0.641746819019318,0.99929004907608,0.424269795417786,0.949204683303833,0.881275475025177,0.0990103036165237,0.754480004310608,0.448065161705017,0.334691792726517,0.990752637386322,0.304652094841003,0.840348660945892,0.0115452390164137,0.658816874027252,0.964145064353943,0.768591403961182,0.144792914390564,0.999998033046722,0.931781888008118,0.854751229286194,0.718016505241394,0.346829473972321,0.907556891441345,0.918121039867401,0.947557032108307,0.638968646526337,
0.831307232379913,0.955352306365967,0.913880705833435,0.889681696891785,0.839059472084045,0.383863538503647,0.311850398778915,0.999081373214722,0.74066299200058,0.819052040576935,0.740681648254395,0.964225649833679,0.386363506317139,0.939468204975128,0.999837517738342,0.995727300643921,0.866098165512085,0.382022976875305,0.995679199695587,0.831967353820801,0.912470042705536,0.481526494026184,0.777375102043152,0.84001100063324,0.218401432037354,0.887243509292603,0.112062327563763,0.992605090141296,0.797419011592865,0.971494495868683,0.788216412067413,0.999892473220825,0.453682273626328,0.397589504718781,0.237842932343483,0.961858570575714,0.401004940271378,0.557330787181854,0.421793073415756,0.657470464706421,0.380491107702255,0.0142521364614367,0.413781017065048,0.233789786696434,0.245614692568779,0.137644678354263,0.394850134849548,0.751810848712921,0.94083034992218,0.597107291221619,
0.269974261522293,0.961126685142517,0.831060409545898,0.93498432636261,0.994678258895874,0.957065224647522,0.313750594854355,0.591439127922058,0.0425040945410728,0.990105330944061,0.220096752047539,0.996018707752228,0.977308511734009,0.959285616874695,0.843919575214386,0.955169260501862,0.769491314888,0.381182789802551,0.703698396682739,0.774875044822693,0.954336166381836,0.387740552425385,0.749261260032654,0.736464977264404,0.797398328781128,0.662251949310303,0.187408044934273,0.34232035279274,0.197591319680214,0.858878254890442,0.889699041843414,0.0174471382051706,0.608195126056671,0.33912405371666,0.516792058944702,0.563089907169342,0.88472718000412,0.947368264198303,0.95976060628891,0.691970646381378,0.465713649988174,0.539950966835022,0.231118783354759,0.0429521501064301,0.323989242315292,0.659185111522675,0.632059156894684,0.639310300350189,0.0133998710662127,0.953541100025177,
0.790743410587311,0.672472536563873,0.364305853843689,0.644923865795136,0.731325447559357,0.913318634033203,0.596765220165253,0.996034920215607,0.999932408332825,0.898238182067871,0.992598831653595,0.882314443588257,0.609268367290497,0.124541267752647,0.731595158576965,0.767510712146759,0.420520812273026,0.823466718196869,0.510675072669983,0.530110657215118,0.436654657125473,0.994175553321838,0.929512500762939,0.636945128440857,0.775029480457306,0.861797153949738,0.96021181344986,0.971712648868561,0.972150266170502,0.732005059719086,0.951686561107636,0.199493288993835,0.932470500469208,0.538116693496704,0.704304754734039,0.0248099900782108,0.990346550941467,0.665968358516693,0.271539986133575,0.970660090446472,0.640830397605896,0.266673356294632,0.888618230819702,0.376571983098984,0.207266554236412,0.907427489757538,0.70637983083725,0.935807287693024,0.528340995311737,0.563845872879028,
0.198888152837753,0.0758654549717903,0.41553270816803,0.349769473075867,0.78640228509903,0.973113358020782,0.996278584003448,0.141956850886345,0.79309356212616,0.441611766815186,0.904547870159149,0.602554976940155,0.652995347976685,0.996421098709106,0.710195124149323,0.423854917287827,0.408916682004929,0.403998374938965,0.925054848194122,0.207728698849678,0.748437702655792,0.416843414306641,0.80538547039032,0.600610971450806,0.955479800701141,0.519367337226868,0.880870044231415,0.106988616287708,0.357439190149307,0.0645833387970924,0.952782154083252,0.891761183738709,0.674421191215515,0.896785080432892,0.0679401457309723,0.991256833076477,0.297498136758804,0.879118204116821,0.705945312976837,0.0152571992948651,0.664015889167786,0.89200884103775,0.944679379463196,0.999211370944977,0.84112811088562,0.735204458236694,0.98763906955719,0.81896036863327,0.458544850349426,0.617197692394257,
0.988375246524811,0.856059789657593,0.371408820152283,0.808092176914215,0.0503769740462303,0.978833496570587,0.687913954257965,0.246800363063812,0.56844300031662,0.0725101679563522,0.0310493428260088,0.999476671218872,0.714115738868713,0.999979674816132,0.696766555309296,0.845460653305054,0.837788701057434,0.738042712211609,0.559205234050751,0.0580453611910343,0.918301463127136,0.975618302822113,0.0306742507964373,0.421058058738709,0.187980845570564,0.703561544418335,0.45461231470108,0.731705784797668,0.448466807603836,0.221849516034126,0.164707541465759,0.994897484779358,0.70721846818924,0.627287745475769,0.558121740818024,0.994035243988037,0.0806933492422104,0.247258380055428,0.96045184135437,0.0862322002649307,0.866961777210236,0.959199607372284,0.937758684158325,0.956985414028168,0.989989280700684,0.580343127250671,0.450648337602615,0.991744041442871,0.744843125343323,0.701454102993011,
0.241980314254761,0.699881970882416,0.389747321605682,0.821736633777618,0.650298714637756,0.997318387031555,0.968024671077728,0.686739861965179,0.510345757007599,0.996208250522614,0.988512277603149,0.980816185474396,0.419288098812103,0.672491431236267,0.0117555093020201,0.966665089130402,0.0442773289978504,0.0167726315557957,0.998427927494049,0.45897713303566,0.991168260574341,0.977823972702026,0.239652752876282,0.993318378925323,0.722253322601318,0.995808303356171,0.287140280008316,0.993961274623871,0.251260906457901,0.988739132881165,0.516908407211304,0.201481029391289,0.53518271446228,0.300228029489517,0.554571211338043,0.649569034576416,0.649411737918854,0.0468963719904423,0.983613431453705,0.562379956245422,0.882424116134644,0.941033363342285,0.206284269690514,0.650078475475311,0.715031802654266,0.719633519649506,0.128657549619675,0.744096755981445,0.428681015968323,0.875301539897919,
0.42836457490921,0.896384119987488,0.999854505062103,0.237687081098557,0.328219830989838,0.430273234844208,0.515443384647369,0.998896181583405,0.510485649108887,0.633654534816742,0.0807073712348938,0.184477567672729,0.706135630607605,0.369715511798859,0.878797352313995,0.546508073806763,0.861966907978058,0.143411189317703,0.928057789802551,0.970216155052185,0.324174076318741,0.855748951435089,0.751602113246918,0.653022348880768,0.0941721573472023,0.925214290618896,0.994778037071228,0.453909158706665,0.163897827267647,0.0741751939058304,0.104228354990482,0.255062520503998,0.901743650436401,0.862858295440674,0.993483901023865,0.164773032069206,0.93681526184082,0.00202210200950503,0.973734140396118,0.104403704404831,0.703021287918091,0.214016810059547,0.636758863925934,0.598678410053253,0.99372810125351,0.571245074272156,0.985728740692139,0.932875216007233,0.999953925609589,0.999413967132568,
0.715223491191864,0.819678843021393,0.771572291851044,0.405537903308868,0.7761070728302,0.313295304775238,0.391295462846756,0.863473117351532,0.580634236335754,0.998614013195038,0.206742778420448,0.0252923965454102,0.907658278942108,0.368163555860519,0.910237729549408,0.668509304523468,0.304703056812286,0.198589533567429,0.565243542194366,0.431646823883057,0.880965232849121,0.595507025718689,0.97176194190979,0.275100737810135,0.967672944068909,0.0273000206798315,0.854102373123169,0.334088265895844,0.407649010419846,0.691961288452148,0.855973362922668,0.397220879793167,0.0694862082600594,0.258631259202957,0.686863601207733,0.327525854110718,0.206864312291145,0.854734539985657,0.842629671096802,0.233368441462517,0.169129505753517,0.997804343700409,0.811416149139404,0.585428357124329,0.656278252601624,0.924238979816437,0.719179153442383,0.42120835185051,0.916796147823334,0.982014834880829,
0.551060974597931,0.609998643398285,0.121148124337196,0.429978162050247,0.923499166965485,0.960723221302032,0.841100037097931,0.823660135269165,0.689134657382965,0.274035483598709,0.00451761530712247,0.974442303180695,0.831932306289673,0.462386816740036,0.715498745441437,0.858869075775146,0.989934504032135,0.914300620555878,0.480921745300293,0.937515437602997,0.977925896644592,0.0523053780198097,0.998629987239838,0.455554693937302,0.355245351791382,0.843218982219696,0.091099813580513,0.108151629567146,0.974601686000824,0.569440722465515,0.0943650081753731,0.976088464260101,0.283891558647156,0.994087755680084,0.511431574821472,0.505221903324127,0.826917469501495,0.731122136116028,0.90888386964798,0.578398168087006,0.668379902839661,0.0355836860835552,0.381655305624008,0.0776578262448311,0.137568041682243,0.0104855326935649,0.743004739284515,0.0658433139324188,0.998616933822632,0.783236801624298,
0.554659366607666,0.935376703739166,0.948103249073029,0.103223025798798,0.699983775615692,0.00663497764617205,0.346599578857422,0.909078896045685,0.91531628370285,0.677700877189636,0.64418613910675,0.677683651447296,0.986404418945313,0.918613493442535,0.917975246906281,0.873281359672546,0.565979957580566,0.474834591150284,0.993940830230713,0.367685467004776,0.864496111869812,0.374879062175751,0.874787092208862,0.998325347900391,0.871183931827545,0.463977813720703,0.326390147209167,0.466390460729599,0.636042773723602,0.707177042961121,0.982154071331024,0.968457460403442,0.0672438964247704,0.99974250793457,0.339505434036255,0.598520576953888,0.657173871994019,0.858513414859772,0.112737156450748,0.533855140209198,0.315125852823257,0.293179482221603,0.997282862663269,0.996167540550232,0.971087872982025,0.75787228345871,0.895078301429749,0.997708141803741,0.525492012500763,0.675207734107971,
0.731227934360504,0.75347626209259,0.410558700561523,0.451352775096893,0.511201918125153,0.871711790561676,0.14229728281498,0.985158920288086,0.177980273962021,0.996351778507233,0.666003406047821,0.832412362098694,0.171212613582611,0.989941537380219,0.978077948093414,0.959055006504059,0.0716361403465271,0.843593120574951,0.00597671698778868,0.887277364730835,0.68772166967392,0.587493300437927,0.987841308116913,0.77968817949295,0.737496495246887,0.309970051050186,0.756650686264038,0.596341669559479,0.556577444076538,0.8863804936409,0.312974333763123,0.040742039680481,0.225799694657326,0.895178735256195,0.244435593485832,0.518859624862671,0.141278550028801,0.479683578014374,0.722454488277435,0.343283861875534,0.932484805583954,0.777861952781677,0.532761812210083,0.570950508117676,0.922947525978088,0.932753562927246,0.706118822097778,0.266365438699722,0.981107652187347,0.867444932460785,
0.970692098140717,0.740921258926392,0.392494201660156,0.191760674118996,0.121842585504055,0.280562549829483,0.999098658561707,0.0717883333563805,0.0425300598144531,0.137379109859467,0.674672782421112,0.00724304933100939,0.814153432846069,0.896152675151825,0.585130453109741,0.962328791618347,0.998674809932709,0.966343343257904,0.128243073821068,0.00513940397650003,0.942846417427063,0.299152374267578,0.237001061439514,0.847414374351501,0.995163798332214,0.663459420204163,0.0638908520340919,0.628760278224945,0.642437756061554,0.981178760528564,0.941197037696838,0.999927043914795,0.450684607028961,0.961399137973785,0.270851075649261,0.181512147188187,0.917548894882202,0.888380348682404,0.327669471502304,0.988647878170013,0.949733197689056,0.0146745694801211,0.0203356593847275,0.657850921154022,0.917479276657104,0.498238831758499,0.566648006439209,0.947359085083008,0.907728016376495,0.293099582195282,
0.998684883117676,0.634498715400696,0.973555624485016,0.368472546339035,0.0157464947551489,0.964428722858429,0.34199383854866,0.636679947376251,0.786557018756866,0.245311573147774,0.66102397441864,0.823996067047119,0.0364055782556534,0.903494536876678,0.666234970092773,0.631189286708832,0.943664968013763,0.996905922889709,0.998594641685486,0.308081120252609,0.608008921146393,0.0624248906970024,0.206204488873482,0.485297352075577,0.228120028972626,0.849753499031067,0.990253508090973,0.320309638977051,0.780224621295929,0.517151474952698,0.94193160533905,0.730724036693573,0.250527232885361,0.199194356799126,0.899820446968079,0.867039978504181,0.939325869083405,0.451723784208298,0.234745547175407,0.997253894805908,0.952549517154694,0.807861745357513,0.843264400959015,0.942326486110687,0.0780425369739532,0.895473897457123,0.117427423596382,0.59571635723114,0.794503092765808,0.530856788158417,
0.960168242454529,0.293784469366074,0.952306628227234,0.926279008388519,0.847599267959595,0.857082486152649,0.772700130939484,0.74462628364563,0.364439725875854,0.765733063220978,0.0297745130956173,0.374581754207611,0.933819949626923,0.27673065662384,0.903931498527527,0.1629319190979,0.774558842182159,0.616388618946075,0.964484214782715,0.17735031247139,0.0491725467145443,0.731263697147369,0.372365027666092,0.909487009048462,0.698842406272888,0.223330721259117,0.208480060100555,0.991458535194397,0.0880326554179192,0.788062989711761,0.0502825602889061,0.343546539545059,0.17936372756958,0.977241158485413,0.929845094680786,0.612538158893585,0.149761617183685,0.996657490730286,0.758815824985504,0.756710529327393,0.53154057264328,0.995094001293182,0.919995129108429,0.015017974190414,0.638000190258026,0.609056115150452,0.59109890460968,0.672032535076141,0.748869240283966,0.386662662029266,
0.991791188716888,0.670543074607849,0.837232828140259,0.561616539955139,0.529335498809814,0.956754148006439,0.767165243625641,0.322249293327332,0.879914939403534,0.883325517177582,0.719775021076202,0.446107298135757,0.999977767467499,0.949412822723389,0.830377757549286,0.0708571821451187,0.433540791273117,0.371125340461731,0.0952804461121559,0.304906874895096,0.671810150146484,0.933839797973633,0.966684937477112,0.933554112911224,0.984519898891449,0.930960834026337,0.815880835056305,0.0891812369227409,0.990333437919617,0.202264696359634,0.992736458778381,0.0882934257388115,0.740634858608246,0.226003378629684,0.152440011501312,0.957834124565125,0.0700085014104843,0.316022664308548,0.664018869400024,0.892655730247498,0.188917443156242,0.340393990278244,0.623312294483185,0.544387459754944,0.929635763168335,0.681650221347809,0.594297349452972,0.995382785797119,0.339758932590485,0.997569859027863,
0.896017551422119,0.758778870105743,0.819048047065735,0.8348748087883,0.702870309352875,0.32869091629982,0.458634376525879,0.596364855766296,0.186052933335304,0.142636269330978,0.795544743537903,0.914803862571716,0.731634199619293,0.0794503018260002,0.272223711013794,0.755727410316467,0.987132549285889,0.995690047740936,0.991140723228455,0.982540309429169,0.730338513851166,0.71086198091507,0.882892906665802,0.085347130894661,0.702082514762878,0.530685067176819,0.018663352355361,0.771772503852844,0.202160909771919,0.466099709272385,0.994459986686707,0.633267819881439,0.309474378824234,0.506813585758209,0.998550236225128,0.0849758312106133,0.655496895313263,0.754066050052643,0.194525614380836,0.0737750381231308,0.296161442995071,0.991127789020538,0.24504391849041,0.992847859859467,0.995681643486023,0.294081181287766,0.33294802904129,0.579989671707153,0.960441827774048,0.52784675359726,
0.847595512866974,0.998782753944397,0.755776107311249,0.539291858673096,0.767971813678741,0.120143428444862,0.379113525152206,0.75395792722702,0.876502454280853,0.74140477180481,0.795183598995209,0.849287688732147,0.280917823314667,0.436045736074448,0.636218905448914,0.906525731086731,0.081526130437851,0.990906834602356,0.825068116188049,0.332144647836685,0.999765276908875,0.570154011249542,0.247466519474983,0.284304171800613,0.906387686729431,0.999536216259003,0.582640707492828,0.423531949520111,0.628573298454285,0.255605489015579,0.160874217748642,0.106989681720734,0.902358055114746,0.470118701457977,0.991488635540009,0.0899076238274574,0.443958044052124,0.0551569126546383,0.0616500936448574,0.548523008823395,0.32660311460495,0.273509114980698,0.782552480697632,0.64527702331543,0.619385421276093,0.872650682926178,0.0833256542682648,0.898156642913818,0.783936619758606,0.829760670661926,
0.965491592884064,0.991120517253876,0.857280135154724,0.902586877346039,0.920433521270752,0.992905497550964,0.290649890899658,0.603273570537567,0.0584773570299149,0.997736573219299,0.648760437965393,0.166147738695145,0.88635128736496,0.721045911312103,0.989010274410248,0.329525828361511,0.0859331488609314,0.922384083271027,0.393439114093781,0.972516775131226,0.788621962070465,0.988225162029266,0.974392414093018,0.610585927963257,0.829769432544708,0.716800153255463,0.995288133621216,0.549083054065704,0.0322471521794796,0.142417162656784,0.824382424354553,0.985765337944031,0.0929035171866417,0.492936342954636,0.172065824270248,0.521301031112671,0.929121375083923,0.730898857116699,0.985118806362152,0.0325881503522396,0.866885602474213,0.993989825248718,0.822131037712097,0.956048488616943,0.984236419200897,0.853621006011963,0.9958615899086,0.122189611196518,0.805598974227905,0.918184220790863,
0.115452654659748,0.724513590335846,0.108639761805534,0.69383829832077,0.99997889995575,0.295064896345139,0.804064989089966,0.238429009914398,0.0211645811796188,0.480393022298813,0.977190971374512,0.123005948960781,0.999743580818176,0.999296367168427,0.430667042732239,0.401207625865936,0.202103704214096,0.0372660420835018,0.98470014333725,0.908930957317352,0.565635979175568,0.838620781898499,0.407534599304199,0.793705642223358,0.606378793716431,0.381811320781708,0.880230307579041,0.566686570644379,0.990917980670929,0.320779711008072,0.999718010425568,0.654870629310608,0.19217811524868,0.781918466091156,0.584560871124268,0.964172780513763,0.35298490524292,0.170344948768616,0.0406281724572182,0.999990105628967,0.985817730426788,0.587093532085419,0.912722706794739,0.386113792657852,0.181923374533653,0.550812780857086,0.242780178785324,0.869299590587616,0.544650793075562,0.94124960899353,
0.258193880319595,0.619217932224274,0.153605818748474,0.385007172822952,0.471116781234741,0.965188920497894,0.936818897724152,0.489082902669907,0.379661709070206,0.114946782588959,0.429972440004349,0.986804306507111,0.0463074035942554,0.262666612863541,0.509167671203613,0.960733830928802,0.489618420600891,0.667919039726257,0.712416708469391,0.836561143398285,0.786640524864197,0.843503355979919,0.9219611287117,0.931039869785309,0.0389412678778172,0.692595481872559,0.733845114707947,0.450005024671555,0.612317442893982,0.936456203460693,0.436339974403381,0.663929104804993,0.00974289700388908,0.582791149616241,0.858100473880768,0.494893133640289,0.398212909698486,0.817424893379211,0.0502619631588459,0.83206182718277,0.0946996733546257,0.680058419704437,0.986774563789368,0.683615982532501,0.981859445571899,0.522432327270508,0.30628901720047,0.909450709819794,0.632921159267426,0.997292220592499,
0.0361872129142284,0.7897909283638,0.59970486164093,0.200916916131973,0.376100927591324,0.966834366321564,0.842891275882721,0.227155059576035,0.18539522588253,0.0380691811442375,0.363266408443451,0.246510282158852,0.906781911849976,0.928511440753937,0.989130198955536,0.752834260463715,0.425950706005096,0.589425444602966,0.643476903438568,0.399498581886292,0.96108067035675,0.99956202507019,0.846883714199066,0.113426625728607,0.125006094574928,0.710878908634186,0.573273360729218,0.573718786239624,0.964754581451416,0.935817837715149,0.791320085525513,0.907288253307343,0.262034952640533,0.945112943649292,0.329652786254883,0.164207220077515,0.251225143671036,0.329195827245712,0.995153188705444,0.23159846663475,0.99986457824707,0.481036305427551,0.335473299026489,0.343274354934692,0.994830906391144,0.998694181442261,0.987846791744232,0.950077474117279,0.809819042682648,0.273766160011292,
0.99756783246994,0.507386386394501,0.0729456767439842,0.401347815990448,0.232640072703362,0.0672664940357208,0.20090639591217,0.871328353881836,0.824232518672943,0.790080368518829,0.766411364078522,0.328239530324936,0.53697943687439,0.327847748994827,0.351636618375778,0.80875164270401,0.97014707326889,0.697292506694794,0.469886988401413,0.132127180695534,0.906390190124512,0.132556453347206,0.862148523330688,0.613553643226624,0.177695915102959,0.642417371273041,0.621481418609619,0.940518498420715,0.993191421031952,0.81808215379715,0.202003642916679,0.944282293319702,0.408249169588089,0.456676572561264,0.757248938083649,0.468093544244766,0.337742507457733,0.841675281524658,0.56537127494812,0.930445969104767,0.986947059631348,0.591663479804993,0.470317125320435,0.811731696128845,0.846462547779083,0.0756615996360779,0.999831259250641,0.0578722059726715,0.950059413909912,0.0697280913591385,
0.979637920856476,0.802571654319763,0.998067259788513,0.965822339057922,0.266706228256226,0.0965321883559227,0.90103018283844,0.314908295869827,0.318457901477814,0.99102658033371,0.982844889163971,0.857972741127014,0.0867224559187889,0.999467015266418,0.999986708164215,0.797969996929169,0.92688912153244,0.902620792388916,0.0095057999715209,0.114579796791077,0.406299203634262,0.912550389766693,0.999597728252411,0.999783217906952,0.980791807174683,0.448398292064667,0.280923426151276,0.0763813257217407,0.980319619178772,0.666122138500214,0.654696941375732,0.877200186252594,0.428439974784851,0.0310659054666758,0.989175379276276,0.971269369125366,0.845187783241272,0.658554792404175,0.150572940707207,0.592517018318176,0.798019826412201,0.996319115161896,0.910284817218781,0.848872125148773,0.204707428812981,0.0988279730081558,0.996668040752411,0.0112428246065974,0.981530785560608,0.846063852310181,
0.433431088924408,0.564984679222107,0.00892718322575092,0.86421138048172,0.81000429391861,0.989187955856323,0.0569946058094502,0.978840589523315,0.930420994758606,0.0417801849544048,0.25651353597641,0.722917854785919,0.364396780729294,0.992057383060455,0.454678446054459,0.632616877555847,0.740854382514954,0.645672678947449,0.479662656784058,0.999971210956573,0.865895986557007,0.935766518115997,0.997154891490936,0.752152383327484,0.99990326166153,0.692149341106415,0.975823044776917,0.0140073047950864,0.186012879014015,0.713233947753906,0.407207459211349,0.995308816432953,0.33255323767662,0.602521002292633,0.992981731891632,0.993729770183563,0.623031258583069,0.209422245621681,0.840445578098297,0.989597737789154,0.650713980197906,0.0160336345434189,0.877538979053497,0.938627898693085,0.991607546806335,0.541774272918701,0.560179352760315,0.13832026720047,0.814655959606171,0.936154246330261,
